<?xml version="1.0" encoding="UTF-8"?>
<beans xmlns="http://www.springframework.org/schema/beans"
	xmlns:tx="http://www.springframework.org/schema/tx"
	xmlns:xsi="http://www.w3.org/2001/XMLSchema-instance"
	xsi:schemaLocation="http://www.springframework.org/schema/beans http://www.springframework.org/schema/beans/spring-beans-4.2.xsd
	http://www.springframework.org/schema/tx http://www.springframework.org/schema/tx/spring-tx.xsd">

	<bean id="dataSource" class="com.alibaba.druid.pool.DruidDataSource"
		destroy-method="close">
		<property name="url" value="${jdbc.url}" />
		<property name="username" value="${jdbc.username}" />
		<property name="password" value="${jdbc.password}" />
		<property name="driverClassName" value="${jdbc.driver}" />
		<property name="maxActive" value="10" />
		<property name="minIdle" value="5" />
	</bean>
	<bean id="sqlSessionFactory" class="org.mybatis.spring.SqlSessionFactoryBean">
		<property name="dataSource" ref="dataSource" />
		<property name="plugins">
			<array>
				<bean class="com.github.pagehelper.PageHelper">
					<property name="properties">
						<value>
							dialect=mysql
						</value>
					</property>
				</bean>
			</array>
		</property>
	</bean>
	<bean class="tk.mybatis.spring.mapper.MapperScannerConfigurer">
		<property name="basePackage" value="[path_1].[path_2].dao" />
	</bean>

	<!-- 事务管理器  -->
	<bean id="transactionManager" class="org.springframework.jdbc.datasource.DataSourceTransactionManager">
		<property name="dataSource" ref="dataSource" />
	</bean>
	<!--
        开启事务控制的注解支持
        注意：此处必须加入proxy-target-class="true"，
              需要进行事务控制，会由Spring框架产生代理对象，Dubbo需要将Service发布为服务，要求必须使用cglib创建代理对象。
    -->
	<tx:annotation-driven transaction-manager="transactionManager" proxy-target-class="true"/>

</beans>